{
    "rmse": 0.6744437779298578,
    "mae": 0.5363662685168695,
    "r2": 0.2959690301991963
}