{
    "rmse": 0.6605309261751461,
    "mae": 0.5311656178126369,
    "r2": 0.2659497717202167
}